issue link,#bugs
https://github.com/tensorflow/tensorflow/issues/55217,1
https://github.com/tensorflow/tensorflow/issues/55203,1
https://github.com/tensorflow/tensorflow/issues/55185,1
https://github.com/tensorflow/tensorflow/issues/54923,1
https://github.com/tensorflow/tensorflow/issues/54856,1
https://github.com/tensorflow/tensorflow/issues/54855,1
https://github.com/tensorflow/tensorflow/issues/54849,1
https://github.com/tensorflow/tensorflow/issues/54848,1
https://github.com/tensorflow/tensorflow/issues/54818,9
https://github.com/tensorflow/tensorflow/issues/54475,1
https://github.com/tensorflow/tensorflow/issues/54415,1
https://github.com/tensorflow/tensorflow/issues/54414,1
https://github.com/tensorflow/tensorflow/issues/54413,1
https://github.com/tensorflow/tensorflow/issues/54412,1
https://github.com/tensorflow/tensorflow/issues/54411,1
https://github.com/tensorflow/tensorflow/issues/54410,1
https://github.com/tensorflow/tensorflow/issues/54318,1
https://github.com/tensorflow/tensorflow/issues/54317,1
https://github.com/tensorflow/tensorflow/issues/54125,1
https://github.com/tensorflow/tensorflow/issues/54117,1
https://github.com/tensorflow/tensorflow/issues/54116,1
https://github.com/tensorflow/tensorflow/issues/53660,1
https://github.com/tensorflow/tensorflow/issues/53658,1
https://github.com/tensorflow/tensorflow/issues/53657,1
https://github.com/tensorflow/tensorflow/issues/53655,1
https://github.com/tensorflow/tensorflow/issues/53581,1
https://github.com/tensorflow/tensorflow/issues/53300,1
https://github.com/keras-team/keras/issues/16192,1
Total,36
